Gene	rsID	Disease
HbS (in HBB)	rs334	HL: 1.81e-09
HBB	rs113892119	HL: 3.25e-08
HBB	rs141845179	HL: 2.20e-08
HBB	rs201250014	HL: 3.53e-09
HBB	rs142667079	HL: 5.39e-09
HBB	rs113850170	HL: 6.00e-08
HBB	rs145843585	HL: 1.78e-06
HBB	rs12292063	CM: 5.89e-06
HBB	rs111565479	CM: 4.75e-05
HBB	rs138355232	HL: 2.74e-05
HBB	rs112075505	HL: 2.27e-05
HBB	rs112035597	HL: 2.27e-05
HBB	rs113981422	HL: 2.27e-05
HBB	rs28674962	RD: 6.50e-05
HBB	rs145430058	HL: 1.20e-06
HBB	rs148767281	HL: 1.20e-06
HBB	rs149827427	HL: 1.20e-06
HBB	rs139248000	HL: 1.20e-06
HBB	rs191914703	HL: 1.20e-06
HBB	rs147924587	HL: 1.20e-06
HBB	rs12295158	SMA: 2.23e-04
HBB	rs184434980	HL: 5.49e-07
HBB	rs74765645	SMA: 6.53e-06
HBB	rs143802965	HL: 4.24e-07
HBB	rs143210906	HL: 8.21e-07
HBB	rs115909008	HL: 8.21e-07
HBB	rs140790233	HL: 8.21e-07
HBB	rs11036485	HL: 1.21e-05
HBB	rs11036493	HL: 1.21e-05
HBB	rs10128653	HL: 1.19e-05
HBB	rs145099017	HL: 4.32e-04
HBB	rs141413067	HL: 2.87e-06
HBB	rs183294476	HL: 2.87e-06
HBB	rs1973075	HL: 2.87e-06
HBB	rs142527103	HL: 2.87e-06
HBB	rs111978456	RD: 8.49e-04
HBB	rs16912210	HL: 2.71e-05
HBB	rs150640479	HL: 2.07e-05
HBB	rs77333754	HL: 3.32e-06
HBB	rs146877463	HL: 3.05e-06
TREML4	rs9296359	SMA: 3.29e-07
Intergenic (LINC00670)	rs149085856	HL: 2.81e-07
Intergenic	rs113449872	SMA: 2.92e-05
Intergenic	rs182627261	SMA: 2.92e-05
Intergenic	rs143410369	SMA: 2.92e-05
Intergenic	rs72762400	SMA: 8.43e-06
Intergenic	rs4568372	SMA: 8.43e-06
Intergenic	rs72762397	SMA: 3.31e-05
Intergenic	rs72762398	SMA: 3.31e-05
Intergenic	rs72762396	SMA: 9.60e-06
Intergenic	rs7444352	SMA: 1.62e-05
Intergenic	rs141375659	SMA: 1.23e-05
Intergenic	rs72762392	SMA: 1.20e-05
Intergenic	rs116185108	SMA: 2.25e-05
Intergenic	rs144955924	SMA: 2.25e-05
Intergenic	rs72762389	SMA: 1.44e-05
Intergenic	rs72762395	SMA: 2.93e-05
Intergenic	rs72764224	SMA: 8.42e-05
Intergenic	rs112283878	SMA: 8.42e-05
Intergenic	rs72764227	SMA: 8.42e-05
Intergenic	rs146640417	SMA: 6.47e-05
Intergenic	rs201594601	SMA: 6.47e-05
LINC00944	rs11335470	HL: 9.04e-05
LINC00944	rs1205303	HL: 1.28e-04
LINC00944	rs1798817	HL: 3.52e-04
C4orf17	rs73832816	CM: 1.02e-06
Intergenic	rs17624383	RD: 4.61e-07
Intergenic	rs28852695	RD: 2.16e-06
Intergenic	rs2194642	RD: 6.80e-06
KLHL3, MYOT	rs2967790	HL: 8.65e-06
KLHL3, MYOT	rs2967793	HL: 1.81e-06
KLHL3, MYOT	rs2905584	HL: 1.85e-05
KLHL3, MYOT	rs138625444	HL: 1.85e-05
KLHL3, MYOT	rs916861	HL: 1.85e-05
KLHL3, MYOT	rs2349033	HL: 1.85e-05
KLHL3, MYOT	rs11386045	HL: 1.85e-05
KLHL3, MYOT	rs2967789	HL: 1.85e-05
KLHL3, MYOT	rs2905585	HL: 1.85e-05
KLHL3, MYOT	rs2905586	HL: 1.85e-05
KLHL3, MYOT	rs3756687	HL: 9.43e-06
KLHL3, MYOT	rs60701788	HL: 1.69e-05
KLHL3, MYOT	rs7722600	HL: 1.44e-05
FAM155A	rs144312179	HL: 1.35e-06
FAM155A	rs112630202	HL: 3.46e-04
FAM155A	rs112240018	HL: 3.46e-04
FAM155A	rs374297923	HL: 3.46e-04
FAM155A	rs185820024	HL: 3.53e-04
FAM155A	rs183246449	HL: 5.48e-04
AF146191.4-004 (lincRNA)	rs114169033	RD: 5.62e-07
AF146191.4-004 (lincRNA)	rs138239288	RD: 1.82e-06
AF146191.4-004 (lincRNA)	rs114925393	RD: 1.82e-06
IL23R, IL12RB2	rs6682413	SMA: 1.23e-04
IL23R, IL12RB2	rs6588252	SMA: 5.86e-05
IL23R, IL12RB2	rs11209031	SMA: 5.86e-05
IL23R, IL12RB2	rs6677188	SMA: 9.83e-05
IL23R, IL12RB2	rs59384635	SMA: 4.01e-04
IL23R, IL12RB2	rs12045232	SMA: 4.01e-04
IL23R, IL12RB2	rs10889679	SMA: 8.78e-05
CSMD1	rs73505850	SMA: 1.20e-05
CSMD1	rs73503859	HL: 2.14e-05
CSMD1	rs10435673	SMA: 9.58e-05
CSMD1	rs73503887	SMA: 9.58e-05
CSMD1	rs4875122	SMA: 3.78e-05
ZNF536	rs8109875	SMA: 2.80e-05
AC108142.1 (antisense)	rs1878468	HL: 8.10e-07
Intergenic	rs3133394	CM: 9.49e-06
Intergenic	rs373636663	CM: 1.40e-05
Intergenic	rs992330	HL: 3.11e-05
Intergenic	rs2703755	HL: 3.11e-05
HBB	rs334	HL
FREM3	rs149914432	SMA
FREM3	rs186790584	SMA
FREM3	rs186873296	SMA
USP38	rs4266246	SMA
USP38	rs28459062	SMA
GYPE, B, A	Deletion	SMA
HLA	rs1264362	SMA
HLA	rs2523589	SMA
HLA	HLA_B_07	SMA
ABO	rs8176746	SMA
ABO	rs7853989	SMA
ABO	rs1053878	SMA
ABO	rs8176719	SMA
MARVELD3	rs2334880	SMA
HBA1, HBA2	_-thalassemia deletion	SMA
ATP2B4	rs4951074 	SMA
ATP2B4	rs10900585 	SMA
ATP2B4	rs55868763 	SMA
ATP2B4	rs1541255	SMA
PAPPA2	rs12083094	SMA
DPP6	rs73498006 	SMA
EPB41	rs2985337 	SMA
INPP4B	rs149373719 	SMA
